<?xml version="1.0" encoding="UTF-8"?>
<beans xmlns="http://www.springframework.org/schema/beans"
	xmlns:xsi="http://www.w3.org/2001/XMLSchema-instance" xmlns:util="http://www.springframework.org/schema/util"
	xsi:schemaLocation="http://www.springframework.org/schema/beans http://www.springframework.org/schema/beans/spring-beans-2.5.xsd http://www.springframework.org/schema/util http://www.springframework.org/schema/util/spring-util-2.5.xsd">
	<bean id="ldapTemplate" class="org.springframework.ldap.core.LdapTemplate">
		<property name="contextSource" ref="contextSource" />
	</bean>
	<bean id="contextSource" class="org.springframework.ldap.core.support.LdapContextSource">
		<property name="url" value="ldap://172.195.121.131:389" />
		<property name="userDn" value="cn=admin,dc=tcs,dc=mil,dc=in" />
		<property name="password" value="tcsmsg" />
		<property name="pooled" value="false" />
	</bean>
</beans>