<?xml version="1.0" encoding="UTF-8"?>
<project-private xmlns="http://www.netbeans.org/ns/project-private/1">
    <editor-bookmarks xmlns="http://www.netbeans.org/ns/editor-bookmarks/2" lastBookmarkId="2">
        <file>
            <url>src/malapplication/FXMLDocumentController.java</url>
            <bookmark id="2">
                <name/>
                <line>268</line>
                <key/>
            </bookmark>
        </file>
    </editor-bookmarks>
    <open-files xmlns="http://www.netbeans.org/ns/projectui-open-files/2">
        <group>
            <file>file:/E:/7th%20aug%202017/DesktopMailClient/src/com/bel/mailApplication/controller/Office_view_pageController.java</file>
            <file>file:/E:/7th%20aug%202017/DesktopMailClient/src/com/bel/mailApplication/controller/Approve_view_pageController.java</file>
            <file>file:/E:/7th%20aug%202017/DesktopMailClient/src/com/bel/mailApplication/controller/ComposePageContrller.java</file>
        </group>
    </open-files>
</project-private>
